ConfigID;Seleccion;Crossover;Mutacion;Supervivencia;PopSize;MaxGen;Run;BestFitness;TimeMS
Roulette+OrderCrossover+SwapMutation+FullGenReplacement+P100;Roulette;OrderCrossover;SwapMutation;FullGenReplacement;100;1000;1;0,34;41
Roulette+OrderCrossover+SwapMutation+FullGenReplacement+P100;Roulette;OrderCrossover;SwapMutation;FullGenReplacement;100;1000;2;0,32;10
Roulette+OrderCrossover+SwapMutation+FullGenReplacement+P100;Roulette;OrderCrossover;SwapMutation;FullGenReplacement;100;1000;3;0,41;3
Roulette+OrderCrossover+SwapMutation+FullGenReplacement+P100;Roulette;OrderCrossover;SwapMutation;FullGenReplacement;100;1000;4;0,34;3
Roulette+OrderCrossover+SwapMutation+SteadyStateSurvivorSelection+P100;Roulette;OrderCrossover;SwapMutation;SteadyStateSurvivorSelection;100;1000;1;1,00;10
Roulette+OrderCrossover+SwapMutation+SteadyStateSurvivorSelection+P100;Roulette;OrderCrossover;SwapMutation;SteadyStateSurvivorSelection;100;1000;2;1,25;4
Roulette+OrderCrossover+SwapMutation+SteadyStateSurvivorSelection+P100;Roulette;OrderCrossover;SwapMutation;SteadyStateSurvivorSelection;100;1000;3;0,90;8
Roulette+OrderCrossover+SwapMutation+SteadyStateSurvivorSelection+P100;Roulette;OrderCrossover;SwapMutation;SteadyStateSurvivorSelection;100;1000;4;1,05;4
Roulette+OrderCrossover+ReversalMutation+FullGenReplacement+P100;Roulette;OrderCrossover;ReversalMutation;FullGenReplacement;100;1000;1;0,64;4
Roulette+OrderCrossover+ReversalMutation+FullGenReplacement+P100;Roulette;OrderCrossover;ReversalMutation;FullGenReplacement;100;1000;2;0,40;5
Roulette+OrderCrossover+ReversalMutation+FullGenReplacement+P100;Roulette;OrderCrossover;ReversalMutation;FullGenReplacement;100;1000;3;0,31;3
Roulette+OrderCrossover+ReversalMutation+FullGenReplacement+P100;Roulette;OrderCrossover;ReversalMutation;FullGenReplacement;100;1000;4;0,48;5
Roulette+OrderCrossover+ReversalMutation+SteadyStateSurvivorSelection+P100;Roulette;OrderCrossover;ReversalMutation;SteadyStateSurvivorSelection;100;1000;1;0,86;7
Roulette+OrderCrossover+ReversalMutation+SteadyStateSurvivorSelection+P100;Roulette;OrderCrossover;ReversalMutation;SteadyStateSurvivorSelection;100;1000;2;1,32;6
Roulette+OrderCrossover+ReversalMutation+SteadyStateSurvivorSelection+P100;Roulette;OrderCrossover;ReversalMutation;SteadyStateSurvivorSelection;100;1000;3;1,03;6
Roulette+OrderCrossover+ReversalMutation+SteadyStateSurvivorSelection+P100;Roulette;OrderCrossover;ReversalMutation;SteadyStateSurvivorSelection;100;1000;4;0,79;8
Roulette+PartiallyMappedCrossover+SwapMutation+FullGenReplacement+P100;Roulette;PartiallyMappedCrossover;SwapMutation;FullGenReplacement;100;1000;1;0,49;7
Roulette+PartiallyMappedCrossover+SwapMutation+FullGenReplacement+P100;Roulette;PartiallyMappedCrossover;SwapMutation;FullGenReplacement;100;1000;2;0,37;8
Roulette+PartiallyMappedCrossover+SwapMutation+FullGenReplacement+P100;Roulette;PartiallyMappedCrossover;SwapMutation;FullGenReplacement;100;1000;3;0,53;6
Roulette+PartiallyMappedCrossover+SwapMutation+FullGenReplacement+P100;Roulette;PartiallyMappedCrossover;SwapMutation;FullGenReplacement;100;1000;4;0,24;22
Roulette+PartiallyMappedCrossover+SwapMutation+SteadyStateSurvivorSelection+P100;Roulette;PartiallyMappedCrossover;SwapMutation;SteadyStateSurvivorSelection;100;1000;1;0,91;6
Roulette+PartiallyMappedCrossover+SwapMutation+SteadyStateSurvivorSelection+P100;Roulette;PartiallyMappedCrossover;SwapMutation;SteadyStateSurvivorSelection;100;1000;2;0,93;11
Roulette+PartiallyMappedCrossover+SwapMutation+SteadyStateSurvivorSelection+P100;Roulette;PartiallyMappedCrossover;SwapMutation;SteadyStateSurvivorSelection;100;1000;3;1,08;7
Roulette+PartiallyMappedCrossover+SwapMutation+SteadyStateSurvivorSelection+P100;Roulette;PartiallyMappedCrossover;SwapMutation;SteadyStateSurvivorSelection;100;1000;4;1,08;9
Roulette+PartiallyMappedCrossover+ReversalMutation+FullGenReplacement+P100;Roulette;PartiallyMappedCrossover;ReversalMutation;FullGenReplacement;100;1000;1;0,38;3
Roulette+PartiallyMappedCrossover+ReversalMutation+FullGenReplacement+P100;Roulette;PartiallyMappedCrossover;ReversalMutation;FullGenReplacement;100;1000;2;0,41;6
Roulette+PartiallyMappedCrossover+ReversalMutation+FullGenReplacement+P100;Roulette;PartiallyMappedCrossover;ReversalMutation;FullGenReplacement;100;1000;3;0,39;5
Roulette+PartiallyMappedCrossover+ReversalMutation+FullGenReplacement+P100;Roulette;PartiallyMappedCrossover;ReversalMutation;FullGenReplacement;100;1000;4;0,33;5
Roulette+PartiallyMappedCrossover+ReversalMutation+SteadyStateSurvivorSelection+P100;Roulette;PartiallyMappedCrossover;ReversalMutation;SteadyStateSurvivorSelection;100;1000;1;0,78;7
Roulette+PartiallyMappedCrossover+ReversalMutation+SteadyStateSurvivorSelection+P100;Roulette;PartiallyMappedCrossover;ReversalMutation;SteadyStateSurvivorSelection;100;1000;2;0,88;5
Roulette+PartiallyMappedCrossover+ReversalMutation+SteadyStateSurvivorSelection+P100;Roulette;PartiallyMappedCrossover;ReversalMutation;SteadyStateSurvivorSelection;100;1000;3;0,83;4
Roulette+PartiallyMappedCrossover+ReversalMutation+SteadyStateSurvivorSelection+P100;Roulette;PartiallyMappedCrossover;ReversalMutation;SteadyStateSurvivorSelection;100;1000;4;0,83;10
Tournament_Size_3+OrderCrossover+SwapMutation+FullGenReplacement+P100;Tournament_Size_3;OrderCrossover;SwapMutation;FullGenReplacement;100;1000;1;0,40;2
Tournament_Size_3+OrderCrossover+SwapMutation+FullGenReplacement+P100;Tournament_Size_3;OrderCrossover;SwapMutation;FullGenReplacement;100;1000;2;0,44;2
Tournament_Size_3+OrderCrossover+SwapMutation+FullGenReplacement+P100;Tournament_Size_3;OrderCrossover;SwapMutation;FullGenReplacement;100;1000;3;0,41;4
Tournament_Size_3+OrderCrossover+SwapMutation+FullGenReplacement+P100;Tournament_Size_3;OrderCrossover;SwapMutation;FullGenReplacement;100;1000;4;0,35;3
Tournament_Size_1+OrderCrossover+SwapMutation+SteadyStateSurvivorSelection+P100;Tournament_Size_1;OrderCrossover;SwapMutation;SteadyStateSurvivorSelection;100;1000;1;1,16;6
Tournament_Size_1+OrderCrossover+SwapMutation+SteadyStateSurvivorSelection+P100;Tournament_Size_1;OrderCrossover;SwapMutation;SteadyStateSurvivorSelection;100;1000;2;1,18;8
Tournament_Size_1+OrderCrossover+SwapMutation+SteadyStateSurvivorSelection+P100;Tournament_Size_1;OrderCrossover;SwapMutation;SteadyStateSurvivorSelection;100;1000;3;0,76;5
Tournament_Size_1+OrderCrossover+SwapMutation+SteadyStateSurvivorSelection+P100;Tournament_Size_1;OrderCrossover;SwapMutation;SteadyStateSurvivorSelection;100;1000;4;1,10;4
Tournament_Size_1+OrderCrossover+ReversalMutation+FullGenReplacement+P100;Tournament_Size_1;OrderCrossover;ReversalMutation;FullGenReplacement;100;1000;1;0,55;3
Tournament_Size_1+OrderCrossover+ReversalMutation+FullGenReplacement+P100;Tournament_Size_1;OrderCrossover;ReversalMutation;FullGenReplacement;100;1000;2;0,34;5
Tournament_Size_1+OrderCrossover+ReversalMutation+FullGenReplacement+P100;Tournament_Size_1;OrderCrossover;ReversalMutation;FullGenReplacement;100;1000;3;0,38;3
Tournament_Size_1+OrderCrossover+ReversalMutation+FullGenReplacement+P100;Tournament_Size_1;OrderCrossover;ReversalMutation;FullGenReplacement;100;1000;4;0,39;3
Tournament_Size_1+OrderCrossover+ReversalMutation+SteadyStateSurvivorSelection+P100;Tournament_Size_1;OrderCrossover;ReversalMutation;SteadyStateSurvivorSelection;100;1000;1;0,91;5
Tournament_Size_1+OrderCrossover+ReversalMutation+SteadyStateSurvivorSelection+P100;Tournament_Size_1;OrderCrossover;ReversalMutation;SteadyStateSurvivorSelection;100;1000;2;1,03;5
Tournament_Size_1+OrderCrossover+ReversalMutation+SteadyStateSurvivorSelection+P100;Tournament_Size_1;OrderCrossover;ReversalMutation;SteadyStateSurvivorSelection;100;1000;3;0,77;6
Tournament_Size_1+OrderCrossover+ReversalMutation+SteadyStateSurvivorSelection+P100;Tournament_Size_1;OrderCrossover;ReversalMutation;SteadyStateSurvivorSelection;100;1000;4;1,20;4
Tournament_Size_1+PartiallyMappedCrossover+SwapMutation+FullGenReplacement+P100;Tournament_Size_1;PartiallyMappedCrossover;SwapMutation;FullGenReplacement;100;1000;1;0,52;3
Tournament_Size_1+PartiallyMappedCrossover+SwapMutation+FullGenReplacement+P100;Tournament_Size_1;PartiallyMappedCrossover;SwapMutation;FullGenReplacement;100;1000;2;0,67;4
Tournament_Size_1+PartiallyMappedCrossover+SwapMutation+FullGenReplacement+P100;Tournament_Size_1;PartiallyMappedCrossover;SwapMutation;FullGenReplacement;100;1000;3;0,50;6
Tournament_Size_1+PartiallyMappedCrossover+SwapMutation+FullGenReplacement+P100;Tournament_Size_1;PartiallyMappedCrossover;SwapMutation;FullGenReplacement;100;1000;4;0,42;6
Tournament_Size_1+PartiallyMappedCrossover+SwapMutation+SteadyStateSurvivorSelection+P100;Tournament_Size_1;PartiallyMappedCrossover;SwapMutation;SteadyStateSurvivorSelection;100;1000;1;0,94;5
Tournament_Size_1+PartiallyMappedCrossover+SwapMutation+SteadyStateSurvivorSelection+P100;Tournament_Size_1;PartiallyMappedCrossover;SwapMutation;SteadyStateSurvivorSelection;100;1000;2;0,97;4
Tournament_Size_1+PartiallyMappedCrossover+SwapMutation+SteadyStateSurvivorSelection+P100;Tournament_Size_1;PartiallyMappedCrossover;SwapMutation;SteadyStateSurvivorSelection;100;1000;3;1,30;4
Tournament_Size_1+PartiallyMappedCrossover+SwapMutation+SteadyStateSurvivorSelection+P100;Tournament_Size_1;PartiallyMappedCrossover;SwapMutation;SteadyStateSurvivorSelection;100;1000;4;0,78;5
Tournament_Size_1+PartiallyMappedCrossover+ReversalMutation+FullGenReplacement+P100;Tournament_Size_1;PartiallyMappedCrossover;ReversalMutation;FullGenReplacement;100;1000;1;0,30;4
Tournament_Size_1+PartiallyMappedCrossover+ReversalMutation+FullGenReplacement+P100;Tournament_Size_1;PartiallyMappedCrossover;ReversalMutation;FullGenReplacement;100;1000;2;0,37;3
Tournament_Size_1+PartiallyMappedCrossover+ReversalMutation+FullGenReplacement+P100;Tournament_Size_1;PartiallyMappedCrossover;ReversalMutation;FullGenReplacement;100;1000;3;0,30;5
Tournament_Size_1+PartiallyMappedCrossover+ReversalMutation+FullGenReplacement+P100;Tournament_Size_1;PartiallyMappedCrossover;ReversalMutation;FullGenReplacement;100;1000;4;0,45;3
Tournament_Size_1+PartiallyMappedCrossover+ReversalMutation+SteadyStateSurvivorSelection+P100;Tournament_Size_1;PartiallyMappedCrossover;ReversalMutation;SteadyStateSurvivorSelection;100;1000;1;1,15;5
Tournament_Size_1+PartiallyMappedCrossover+ReversalMutation+SteadyStateSurvivorSelection+P100;Tournament_Size_1;PartiallyMappedCrossover;ReversalMutation;SteadyStateSurvivorSelection;100;1000;2;0,72;12
Tournament_Size_1+PartiallyMappedCrossover+ReversalMutation+SteadyStateSurvivorSelection+P100;Tournament_Size_1;PartiallyMappedCrossover;ReversalMutation;SteadyStateSurvivorSelection;100;1000;3;0,70;7
Tournament_Size_1+PartiallyMappedCrossover+ReversalMutation+SteadyStateSurvivorSelection+P100;Tournament_Size_1;PartiallyMappedCrossover;ReversalMutation;SteadyStateSurvivorSelection;100;1000;4;0,79;7
Tournament_Size_10+OrderCrossover+SwapMutation+FullGenReplacement+P100;Tournament_Size_10;OrderCrossover;SwapMutation;FullGenReplacement;100;1000;1;0,51;2
Tournament_Size_10+OrderCrossover+SwapMutation+FullGenReplacement+P100;Tournament_Size_10;OrderCrossover;SwapMutation;FullGenReplacement;100;1000;2;0,64;3
Tournament_Size_10+OrderCrossover+SwapMutation+FullGenReplacement+P100;Tournament_Size_10;OrderCrossover;SwapMutation;FullGenReplacement;100;1000;3;0,33;2
Tournament_Size_10+OrderCrossover+SwapMutation+FullGenReplacement+P100;Tournament_Size_10;OrderCrossover;SwapMutation;FullGenReplacement;100;1000;4;0,28;2
Tournament_Size_1+OrderCrossover+SwapMutation+SteadyStateSurvivorSelection+P100;Tournament_Size_1;OrderCrossover;SwapMutation;SteadyStateSurvivorSelection;100;1000;1;1,06;4
Tournament_Size_1+OrderCrossover+SwapMutation+SteadyStateSurvivorSelection+P100;Tournament_Size_1;OrderCrossover;SwapMutation;SteadyStateSurvivorSelection;100;1000;2;0,87;5
Tournament_Size_1+OrderCrossover+SwapMutation+SteadyStateSurvivorSelection+P100;Tournament_Size_1;OrderCrossover;SwapMutation;SteadyStateSurvivorSelection;100;1000;3;0,89;6
Tournament_Size_1+OrderCrossover+SwapMutation+SteadyStateSurvivorSelection+P100;Tournament_Size_1;OrderCrossover;SwapMutation;SteadyStateSurvivorSelection;100;1000;4;0,87;5
Tournament_Size_1+OrderCrossover+ReversalMutation+FullGenReplacement+P100;Tournament_Size_1;OrderCrossover;ReversalMutation;FullGenReplacement;100;1000;1;0,49;2
Tournament_Size_1+OrderCrossover+ReversalMutation+FullGenReplacement+P100;Tournament_Size_1;OrderCrossover;ReversalMutation;FullGenReplacement;100;1000;2;0,54;3
Tournament_Size_1+OrderCrossover+ReversalMutation+FullGenReplacement+P100;Tournament_Size_1;OrderCrossover;ReversalMutation;FullGenReplacement;100;1000;3;0,71;4
Tournament_Size_1+OrderCrossover+ReversalMutation+FullGenReplacement+P100;Tournament_Size_1;OrderCrossover;ReversalMutation;FullGenReplacement;100;1000;4;0,28;3
Tournament_Size_1+OrderCrossover+ReversalMutation+SteadyStateSurvivorSelection+P100;Tournament_Size_1;OrderCrossover;ReversalMutation;SteadyStateSurvivorSelection;100;1000;1;1,33;3
Tournament_Size_1+OrderCrossover+ReversalMutation+SteadyStateSurvivorSelection+P100;Tournament_Size_1;OrderCrossover;ReversalMutation;SteadyStateSurvivorSelection;100;1000;2;0,90;5
Tournament_Size_1+OrderCrossover+ReversalMutation+SteadyStateSurvivorSelection+P100;Tournament_Size_1;OrderCrossover;ReversalMutation;SteadyStateSurvivorSelection;100;1000;3;1,18;6
Tournament_Size_1+OrderCrossover+ReversalMutation+SteadyStateSurvivorSelection+P100;Tournament_Size_1;OrderCrossover;ReversalMutation;SteadyStateSurvivorSelection;100;1000;4;0,93;5
Tournament_Size_1+PartiallyMappedCrossover+SwapMutation+FullGenReplacement+P100;Tournament_Size_1;PartiallyMappedCrossover;SwapMutation;FullGenReplacement;100;1000;1;0,42;3
Tournament_Size_1+PartiallyMappedCrossover+SwapMutation+FullGenReplacement+P100;Tournament_Size_1;PartiallyMappedCrossover;SwapMutation;FullGenReplacement;100;1000;2;0,38;2
Tournament_Size_1+PartiallyMappedCrossover+SwapMutation+FullGenReplacement+P100;Tournament_Size_1;PartiallyMappedCrossover;SwapMutation;FullGenReplacement;100;1000;3;0,68;3
Tournament_Size_1+PartiallyMappedCrossover+SwapMutation+FullGenReplacement+P100;Tournament_Size_1;PartiallyMappedCrossover;SwapMutation;FullGenReplacement;100;1000;4;0,41;3
Tournament_Size_1+PartiallyMappedCrossover+SwapMutation+SteadyStateSurvivorSelection+P100;Tournament_Size_1;PartiallyMappedCrossover;SwapMutation;SteadyStateSurvivorSelection;100;1000;1;0,96;9
Tournament_Size_1+PartiallyMappedCrossover+SwapMutation+SteadyStateSurvivorSelection+P100;Tournament_Size_1;PartiallyMappedCrossover;SwapMutation;SteadyStateSurvivorSelection;100;1000;2;1,61;6
Tournament_Size_1+PartiallyMappedCrossover+SwapMutation+SteadyStateSurvivorSelection+P100;Tournament_Size_1;PartiallyMappedCrossover;SwapMutation;SteadyStateSurvivorSelection;100;1000;3;0,78;5
Tournament_Size_1+PartiallyMappedCrossover+SwapMutation+SteadyStateSurvivorSelection+P100;Tournament_Size_1;PartiallyMappedCrossover;SwapMutation;SteadyStateSurvivorSelection;100;1000;4;0,93;7
Tournament_Size_1+PartiallyMappedCrossover+ReversalMutation+FullGenReplacement+P100;Tournament_Size_1;PartiallyMappedCrossover;ReversalMutation;FullGenReplacement;100;1000;1;0,31;5
Tournament_Size_1+PartiallyMappedCrossover+ReversalMutation+FullGenReplacement+P100;Tournament_Size_1;PartiallyMappedCrossover;ReversalMutation;FullGenReplacement;100;1000;2;0,60;2
Tournament_Size_1+PartiallyMappedCrossover+ReversalMutation+FullGenReplacement+P100;Tournament_Size_1;PartiallyMappedCrossover;ReversalMutation;FullGenReplacement;100;1000;3;0,27;5
Tournament_Size_1+PartiallyMappedCrossover+ReversalMutation+FullGenReplacement+P100;Tournament_Size_1;PartiallyMappedCrossover;ReversalMutation;FullGenReplacement;100;1000;4;0,33;6
Tournament_Size_1+PartiallyMappedCrossover+ReversalMutation+SteadyStateSurvivorSelection+P100;Tournament_Size_1;PartiallyMappedCrossover;ReversalMutation;SteadyStateSurvivorSelection;100;1000;1;0,70;9
Tournament_Size_1+PartiallyMappedCrossover+ReversalMutation+SteadyStateSurvivorSelection+P100;Tournament_Size_1;PartiallyMappedCrossover;ReversalMutation;SteadyStateSurvivorSelection;100;1000;2;0,75;9
Tournament_Size_1+PartiallyMappedCrossover+ReversalMutation+SteadyStateSurvivorSelection+P100;Tournament_Size_1;PartiallyMappedCrossover;ReversalMutation;SteadyStateSurvivorSelection;100;1000;3;1,14;9
Tournament_Size_1+PartiallyMappedCrossover+ReversalMutation+SteadyStateSurvivorSelection+P100;Tournament_Size_1;PartiallyMappedCrossover;ReversalMutation;SteadyStateSurvivorSelection;100;1000;4;0,88;5
Tournament_Size_25+OrderCrossover+SwapMutation+FullGenReplacement+P100;Tournament_Size_25;OrderCrossover;SwapMutation;FullGenReplacement;100;1000;1;0,64;3
Tournament_Size_25+OrderCrossover+SwapMutation+FullGenReplacement+P100;Tournament_Size_25;OrderCrossover;SwapMutation;FullGenReplacement;100;1000;2;0,52;1
Tournament_Size_25+OrderCrossover+SwapMutation+FullGenReplacement+P100;Tournament_Size_25;OrderCrossover;SwapMutation;FullGenReplacement;100;1000;3;0,42;4
Tournament_Size_25+OrderCrossover+SwapMutation+FullGenReplacement+P100;Tournament_Size_25;OrderCrossover;SwapMutation;FullGenReplacement;100;1000;4;0,45;2
Tournament_Size_1+OrderCrossover+SwapMutation+SteadyStateSurvivorSelection+P100;Tournament_Size_1;OrderCrossover;SwapMutation;SteadyStateSurvivorSelection;100;1000;1;0,74;4
Tournament_Size_1+OrderCrossover+SwapMutation+SteadyStateSurvivorSelection+P100;Tournament_Size_1;OrderCrossover;SwapMutation;SteadyStateSurvivorSelection;100;1000;2;0,83;8
Tournament_Size_1+OrderCrossover+SwapMutation+SteadyStateSurvivorSelection+P100;Tournament_Size_1;OrderCrossover;SwapMutation;SteadyStateSurvivorSelection;100;1000;3;0,83;3
Tournament_Size_1+OrderCrossover+SwapMutation+SteadyStateSurvivorSelection+P100;Tournament_Size_1;OrderCrossover;SwapMutation;SteadyStateSurvivorSelection;100;1000;4;1,15;7
Tournament_Size_1+OrderCrossover+ReversalMutation+FullGenReplacement+P100;Tournament_Size_1;OrderCrossover;ReversalMutation;FullGenReplacement;100;1000;1;0,29;4
Tournament_Size_1+OrderCrossover+ReversalMutation+FullGenReplacement+P100;Tournament_Size_1;OrderCrossover;ReversalMutation;FullGenReplacement;100;1000;2;0,30;2
Tournament_Size_1+OrderCrossover+ReversalMutation+FullGenReplacement+P100;Tournament_Size_1;OrderCrossover;ReversalMutation;FullGenReplacement;100;1000;3;0,33;4
Tournament_Size_1+OrderCrossover+ReversalMutation+FullGenReplacement+P100;Tournament_Size_1;OrderCrossover;ReversalMutation;FullGenReplacement;100;1000;4;0,31;4
Tournament_Size_1+OrderCrossover+ReversalMutation+SteadyStateSurvivorSelection+P100;Tournament_Size_1;OrderCrossover;ReversalMutation;SteadyStateSurvivorSelection;100;1000;1;1,12;11
Tournament_Size_1+OrderCrossover+ReversalMutation+SteadyStateSurvivorSelection+P100;Tournament_Size_1;OrderCrossover;ReversalMutation;SteadyStateSurvivorSelection;100;1000;2;0,76;9
Tournament_Size_1+OrderCrossover+ReversalMutation+SteadyStateSurvivorSelection+P100;Tournament_Size_1;OrderCrossover;ReversalMutation;SteadyStateSurvivorSelection;100;1000;3;1,22;5
Tournament_Size_1+OrderCrossover+ReversalMutation+SteadyStateSurvivorSelection+P100;Tournament_Size_1;OrderCrossover;ReversalMutation;SteadyStateSurvivorSelection;100;1000;4;0,97;5
Tournament_Size_1+PartiallyMappedCrossover+SwapMutation+FullGenReplacement+P100;Tournament_Size_1;PartiallyMappedCrossover;SwapMutation;FullGenReplacement;100;1000;1;0,48;3
Tournament_Size_1+PartiallyMappedCrossover+SwapMutation+FullGenReplacement+P100;Tournament_Size_1;PartiallyMappedCrossover;SwapMutation;FullGenReplacement;100;1000;2;0,45;3
Tournament_Size_1+PartiallyMappedCrossover+SwapMutation+FullGenReplacement+P100;Tournament_Size_1;PartiallyMappedCrossover;SwapMutation;FullGenReplacement;100;1000;3;0,43;2
Tournament_Size_1+PartiallyMappedCrossover+SwapMutation+FullGenReplacement+P100;Tournament_Size_1;PartiallyMappedCrossover;SwapMutation;FullGenReplacement;100;1000;4;0,46;6
Tournament_Size_1+PartiallyMappedCrossover+SwapMutation+SteadyStateSurvivorSelection+P100;Tournament_Size_1;PartiallyMappedCrossover;SwapMutation;SteadyStateSurvivorSelection;100;1000;1;0,99;8
Tournament_Size_1+PartiallyMappedCrossover+SwapMutation+SteadyStateSurvivorSelection+P100;Tournament_Size_1;PartiallyMappedCrossover;SwapMutation;SteadyStateSurvivorSelection;100;1000;2;0,79;5
Tournament_Size_1+PartiallyMappedCrossover+SwapMutation+SteadyStateSurvivorSelection+P100;Tournament_Size_1;PartiallyMappedCrossover;SwapMutation;SteadyStateSurvivorSelection;100;1000;3;0,78;7
Tournament_Size_1+PartiallyMappedCrossover+SwapMutation+SteadyStateSurvivorSelection+P100;Tournament_Size_1;PartiallyMappedCrossover;SwapMutation;SteadyStateSurvivorSelection;100;1000;4;0,94;6
Tournament_Size_1+PartiallyMappedCrossover+ReversalMutation+FullGenReplacement+P100;Tournament_Size_1;PartiallyMappedCrossover;ReversalMutation;FullGenReplacement;100;1000;1;0,25;3
Tournament_Size_1+PartiallyMappedCrossover+ReversalMutation+FullGenReplacement+P100;Tournament_Size_1;PartiallyMappedCrossover;ReversalMutation;FullGenReplacement;100;1000;2;0,30;3
Tournament_Size_1+PartiallyMappedCrossover+ReversalMutation+FullGenReplacement+P100;Tournament_Size_1;PartiallyMappedCrossover;ReversalMutation;FullGenReplacement;100;1000;3;0,42;5
Tournament_Size_1+PartiallyMappedCrossover+ReversalMutation+FullGenReplacement+P100;Tournament_Size_1;PartiallyMappedCrossover;ReversalMutation;FullGenReplacement;100;1000;4;0,35;2
Tournament_Size_1+PartiallyMappedCrossover+ReversalMutation+SteadyStateSurvivorSelection+P100;Tournament_Size_1;PartiallyMappedCrossover;ReversalMutation;SteadyStateSurvivorSelection;100;1000;1;1,32;7
Tournament_Size_1+PartiallyMappedCrossover+ReversalMutation+SteadyStateSurvivorSelection+P100;Tournament_Size_1;PartiallyMappedCrossover;ReversalMutation;SteadyStateSurvivorSelection;100;1000;2;0,82;5
Tournament_Size_1+PartiallyMappedCrossover+ReversalMutation+SteadyStateSurvivorSelection+P100;Tournament_Size_1;PartiallyMappedCrossover;ReversalMutation;SteadyStateSurvivorSelection;100;1000;3;0,78;7
Tournament_Size_1+PartiallyMappedCrossover+ReversalMutation+SteadyStateSurvivorSelection+P100;Tournament_Size_1;PartiallyMappedCrossover;ReversalMutation;SteadyStateSurvivorSelection;100;1000;4;0,85;5
Roulette+OrderCrossover+SwapMutation+FullGenReplacement+P200;Roulette;OrderCrossover;SwapMutation;FullGenReplacement;200;2000;1;0,29;10
Roulette+OrderCrossover+SwapMutation+FullGenReplacement+P200;Roulette;OrderCrossover;SwapMutation;FullGenReplacement;200;2000;2;0,52;5
Roulette+OrderCrossover+SwapMutation+FullGenReplacement+P200;Roulette;OrderCrossover;SwapMutation;FullGenReplacement;200;2000;3;0,36;6
Roulette+OrderCrossover+SwapMutation+FullGenReplacement+P200;Roulette;OrderCrossover;SwapMutation;FullGenReplacement;200;2000;4;0,34;13
Roulette+OrderCrossover+SwapMutation+SteadyStateSurvivorSelection+P200;Roulette;OrderCrossover;SwapMutation;SteadyStateSurvivorSelection;200;2000;1;0,96;10
Roulette+OrderCrossover+SwapMutation+SteadyStateSurvivorSelection+P200;Roulette;OrderCrossover;SwapMutation;SteadyStateSurvivorSelection;200;2000;2;0,97;20
Roulette+OrderCrossover+SwapMutation+SteadyStateSurvivorSelection+P200;Roulette;OrderCrossover;SwapMutation;SteadyStateSurvivorSelection;200;2000;3;0,80;11
Roulette+OrderCrossover+SwapMutation+SteadyStateSurvivorSelection+P200;Roulette;OrderCrossover;SwapMutation;SteadyStateSurvivorSelection;200;2000;4;1,64;15
Roulette+OrderCrossover+ReversalMutation+FullGenReplacement+P200;Roulette;OrderCrossover;ReversalMutation;FullGenReplacement;200;2000;1;0,42;9
Roulette+OrderCrossover+ReversalMutation+FullGenReplacement+P200;Roulette;OrderCrossover;ReversalMutation;FullGenReplacement;200;2000;2;0,35;9
Roulette+OrderCrossover+ReversalMutation+FullGenReplacement+P200;Roulette;OrderCrossover;ReversalMutation;FullGenReplacement;200;2000;3;0,55;6
Roulette+OrderCrossover+ReversalMutation+FullGenReplacement+P200;Roulette;OrderCrossover;ReversalMutation;FullGenReplacement;200;2000;4;0,37;11
Roulette+OrderCrossover+ReversalMutation+SteadyStateSurvivorSelection+P200;Roulette;OrderCrossover;ReversalMutation;SteadyStateSurvivorSelection;200;2000;1;1,28;25
Roulette+OrderCrossover+ReversalMutation+SteadyStateSurvivorSelection+P200;Roulette;OrderCrossover;ReversalMutation;SteadyStateSurvivorSelection;200;2000;2;1,04;15
Roulette+OrderCrossover+ReversalMutation+SteadyStateSurvivorSelection+P200;Roulette;OrderCrossover;ReversalMutation;SteadyStateSurvivorSelection;200;2000;3;1,02;14
Roulette+OrderCrossover+ReversalMutation+SteadyStateSurvivorSelection+P200;Roulette;OrderCrossover;ReversalMutation;SteadyStateSurvivorSelection;200;2000;4;1,41;14
Roulette+PartiallyMappedCrossover+SwapMutation+FullGenReplacement+P200;Roulette;PartiallyMappedCrossover;SwapMutation;FullGenReplacement;200;2000;1;0,37;12
Roulette+PartiallyMappedCrossover+SwapMutation+FullGenReplacement+P200;Roulette;PartiallyMappedCrossover;SwapMutation;FullGenReplacement;200;2000;2;0,34;6
Roulette+PartiallyMappedCrossover+SwapMutation+FullGenReplacement+P200;Roulette;PartiallyMappedCrossover;SwapMutation;FullGenReplacement;200;2000;3;0,38;7
Roulette+PartiallyMappedCrossover+SwapMutation+FullGenReplacement+P200;Roulette;PartiallyMappedCrossover;SwapMutation;FullGenReplacement;200;2000;4;0,39;16
Roulette+PartiallyMappedCrossover+SwapMutation+SteadyStateSurvivorSelection+P200;Roulette;PartiallyMappedCrossover;SwapMutation;SteadyStateSurvivorSelection;200;2000;1;1,15;11
Roulette+PartiallyMappedCrossover+SwapMutation+SteadyStateSurvivorSelection+P200;Roulette;PartiallyMappedCrossover;SwapMutation;SteadyStateSurvivorSelection;200;2000;2;1,06;19
Roulette+PartiallyMappedCrossover+SwapMutation+SteadyStateSurvivorSelection+P200;Roulette;PartiallyMappedCrossover;SwapMutation;SteadyStateSurvivorSelection;200;2000;3;1,19;10
Roulette+PartiallyMappedCrossover+SwapMutation+SteadyStateSurvivorSelection+P200;Roulette;PartiallyMappedCrossover;SwapMutation;SteadyStateSurvivorSelection;200;2000;4;1,28;11
Roulette+PartiallyMappedCrossover+ReversalMutation+FullGenReplacement+P200;Roulette;PartiallyMappedCrossover;ReversalMutation;FullGenReplacement;200;2000;1;0,48;10
Roulette+PartiallyMappedCrossover+ReversalMutation+FullGenReplacement+P200;Roulette;PartiallyMappedCrossover;ReversalMutation;FullGenReplacement;200;2000;2;0,34;15
Roulette+PartiallyMappedCrossover+ReversalMutation+FullGenReplacement+P200;Roulette;PartiallyMappedCrossover;ReversalMutation;FullGenReplacement;200;2000;3;0,60;7
Roulette+PartiallyMappedCrossover+ReversalMutation+FullGenReplacement+P200;Roulette;PartiallyMappedCrossover;ReversalMutation;FullGenReplacement;200;2000;4;0,56;6
Roulette+PartiallyMappedCrossover+ReversalMutation+SteadyStateSurvivorSelection+P200;Roulette;PartiallyMappedCrossover;ReversalMutation;SteadyStateSurvivorSelection;200;2000;1;1,22;23
Roulette+PartiallyMappedCrossover+ReversalMutation+SteadyStateSurvivorSelection+P200;Roulette;PartiallyMappedCrossover;ReversalMutation;SteadyStateSurvivorSelection;200;2000;2;0,95;16
Roulette+PartiallyMappedCrossover+ReversalMutation+SteadyStateSurvivorSelection+P200;Roulette;PartiallyMappedCrossover;ReversalMutation;SteadyStateSurvivorSelection;200;2000;3;1,12;27
Roulette+PartiallyMappedCrossover+ReversalMutation+SteadyStateSurvivorSelection+P200;Roulette;PartiallyMappedCrossover;ReversalMutation;SteadyStateSurvivorSelection;200;2000;4;0,98;15
Tournament_Size_1+OrderCrossover+SwapMutation+FullGenReplacement+P200;Tournament_Size_1;OrderCrossover;SwapMutation;FullGenReplacement;200;2000;1;0,47;6
Tournament_Size_1+OrderCrossover+SwapMutation+FullGenReplacement+P200;Tournament_Size_1;OrderCrossover;SwapMutation;FullGenReplacement;200;2000;2;0,39;8
Tournament_Size_1+OrderCrossover+SwapMutation+FullGenReplacement+P200;Tournament_Size_1;OrderCrossover;SwapMutation;FullGenReplacement;200;2000;3;0,34;7
Tournament_Size_1+OrderCrossover+SwapMutation+FullGenReplacement+P200;Tournament_Size_1;OrderCrossover;SwapMutation;FullGenReplacement;200;2000;4;0,44;4
Tournament_Size_1+OrderCrossover+SwapMutation+SteadyStateSurvivorSelection+P200;Tournament_Size_1;OrderCrossover;SwapMutation;SteadyStateSurvivorSelection;200;2000;1;0,99;25
Tournament_Size_1+OrderCrossover+SwapMutation+SteadyStateSurvivorSelection+P200;Tournament_Size_1;OrderCrossover;SwapMutation;SteadyStateSurvivorSelection;200;2000;2;1,06;8
Tournament_Size_1+OrderCrossover+SwapMutation+SteadyStateSurvivorSelection+P200;Tournament_Size_1;OrderCrossover;SwapMutation;SteadyStateSurvivorSelection;200;2000;3;0,98;11
Tournament_Size_1+OrderCrossover+SwapMutation+SteadyStateSurvivorSelection+P200;Tournament_Size_1;OrderCrossover;SwapMutation;SteadyStateSurvivorSelection;200;2000;4;1,14;9
Tournament_Size_1+OrderCrossover+ReversalMutation+FullGenReplacement+P200;Tournament_Size_1;OrderCrossover;ReversalMutation;FullGenReplacement;200;2000;1;0,48;4
Tournament_Size_1+OrderCrossover+ReversalMutation+FullGenReplacement+P200;Tournament_Size_1;OrderCrossover;ReversalMutation;FullGenReplacement;200;2000;2;0,56;3
Tournament_Size_1+OrderCrossover+ReversalMutation+FullGenReplacement+P200;Tournament_Size_1;OrderCrossover;ReversalMutation;FullGenReplacement;200;2000;3;0,53;8
Tournament_Size_1+OrderCrossover+ReversalMutation+FullGenReplacement+P200;Tournament_Size_1;OrderCrossover;ReversalMutation;FullGenReplacement;200;2000;4;0,56;12
Tournament_Size_1+OrderCrossover+ReversalMutation+SteadyStateSurvivorSelection+P200;Tournament_Size_1;OrderCrossover;ReversalMutation;SteadyStateSurvivorSelection;200;2000;1;1,02;8
Tournament_Size_1+OrderCrossover+ReversalMutation+SteadyStateSurvivorSelection+P200;Tournament_Size_1;OrderCrossover;ReversalMutation;SteadyStateSurvivorSelection;200;2000;2;0,98;14
Tournament_Size_1+OrderCrossover+ReversalMutation+SteadyStateSurvivorSelection+P200;Tournament_Size_1;OrderCrossover;ReversalMutation;SteadyStateSurvivorSelection;200;2000;3;0,97;9
Tournament_Size_1+OrderCrossover+ReversalMutation+SteadyStateSurvivorSelection+P200;Tournament_Size_1;OrderCrossover;ReversalMutation;SteadyStateSurvivorSelection;200;2000;4;1,35;14
Tournament_Size_1+PartiallyMappedCrossover+SwapMutation+FullGenReplacement+P200;Tournament_Size_1;PartiallyMappedCrossover;SwapMutation;FullGenReplacement;200;2000;1;0,27;6
Tournament_Size_1+PartiallyMappedCrossover+SwapMutation+FullGenReplacement+P200;Tournament_Size_1;PartiallyMappedCrossover;SwapMutation;FullGenReplacement;200;2000;2;0,34;8
Tournament_Size_1+PartiallyMappedCrossover+SwapMutation+FullGenReplacement+P200;Tournament_Size_1;PartiallyMappedCrossover;SwapMutation;FullGenReplacement;200;2000;3;0,48;12
Tournament_Size_1+PartiallyMappedCrossover+SwapMutation+FullGenReplacement+P200;Tournament_Size_1;PartiallyMappedCrossover;SwapMutation;FullGenReplacement;200;2000;4;0,46;7
Tournament_Size_1+PartiallyMappedCrossover+SwapMutation+SteadyStateSurvivorSelection+P200;Tournament_Size_1;PartiallyMappedCrossover;SwapMutation;SteadyStateSurvivorSelection;200;2000;1;1,22;11
Tournament_Size_1+PartiallyMappedCrossover+SwapMutation+SteadyStateSurvivorSelection+P200;Tournament_Size_1;PartiallyMappedCrossover;SwapMutation;SteadyStateSurvivorSelection;200;2000;2;0,97;12
Tournament_Size_1+PartiallyMappedCrossover+SwapMutation+SteadyStateSurvivorSelection+P200;Tournament_Size_1;PartiallyMappedCrossover;SwapMutation;SteadyStateSurvivorSelection;200;2000;3;1,47;10
Tournament_Size_1+PartiallyMappedCrossover+SwapMutation+SteadyStateSurvivorSelection+P200;Tournament_Size_1;PartiallyMappedCrossover;SwapMutation;SteadyStateSurvivorSelection;200;2000;4;1,15;12
Tournament_Size_1+PartiallyMappedCrossover+ReversalMutation+FullGenReplacement+P200;Tournament_Size_1;PartiallyMappedCrossover;ReversalMutation;FullGenReplacement;200;2000;1;0,35;5
Tournament_Size_1+PartiallyMappedCrossover+ReversalMutation+FullGenReplacement+P200;Tournament_Size_1;PartiallyMappedCrossover;ReversalMutation;FullGenReplacement;200;2000;2;0,46;5
Tournament_Size_1+PartiallyMappedCrossover+ReversalMutation+FullGenReplacement+P200;Tournament_Size_1;PartiallyMappedCrossover;ReversalMutation;FullGenReplacement;200;2000;3;0,36;15
Tournament_Size_1+PartiallyMappedCrossover+ReversalMutation+FullGenReplacement+P200;Tournament_Size_1;PartiallyMappedCrossover;ReversalMutation;FullGenReplacement;200;2000;4;0,41;4
Tournament_Size_1+PartiallyMappedCrossover+ReversalMutation+SteadyStateSurvivorSelection+P200;Tournament_Size_1;PartiallyMappedCrossover;ReversalMutation;SteadyStateSurvivorSelection;200;2000;1;1,12;19
Tournament_Size_1+PartiallyMappedCrossover+ReversalMutation+SteadyStateSurvivorSelection+P200;Tournament_Size_1;PartiallyMappedCrossover;ReversalMutation;SteadyStateSurvivorSelection;200;2000;2;1,32;13
Tournament_Size_1+PartiallyMappedCrossover+ReversalMutation+SteadyStateSurvivorSelection+P200;Tournament_Size_1;PartiallyMappedCrossover;ReversalMutation;SteadyStateSurvivorSelection;200;2000;3;0,94;16
Tournament_Size_1+PartiallyMappedCrossover+ReversalMutation+SteadyStateSurvivorSelection+P200;Tournament_Size_1;PartiallyMappedCrossover;ReversalMutation;SteadyStateSurvivorSelection;200;2000;4;0,86;19
Tournament_Size_1+OrderCrossover+SwapMutation+FullGenReplacement+P200;Tournament_Size_1;OrderCrossover;SwapMutation;FullGenReplacement;200;2000;1;0,56;6
Tournament_Size_1+OrderCrossover+SwapMutation+FullGenReplacement+P200;Tournament_Size_1;OrderCrossover;SwapMutation;FullGenReplacement;200;2000;2;0,36;4
Tournament_Size_1+OrderCrossover+SwapMutation+FullGenReplacement+P200;Tournament_Size_1;OrderCrossover;SwapMutation;FullGenReplacement;200;2000;3;0,36;3
Tournament_Size_1+OrderCrossover+SwapMutation+FullGenReplacement+P200;Tournament_Size_1;OrderCrossover;SwapMutation;FullGenReplacement;200;2000;4;0,33;9
Tournament_Size_1+OrderCrossover+SwapMutation+SteadyStateSurvivorSelection+P200;Tournament_Size_1;OrderCrossover;SwapMutation;SteadyStateSurvivorSelection;200;2000;1;1,28;9
Tournament_Size_1+OrderCrossover+SwapMutation+SteadyStateSurvivorSelection+P200;Tournament_Size_1;OrderCrossover;SwapMutation;SteadyStateSurvivorSelection;200;2000;2;1,28;13
Tournament_Size_1+OrderCrossover+SwapMutation+SteadyStateSurvivorSelection+P200;Tournament_Size_1;OrderCrossover;SwapMutation;SteadyStateSurvivorSelection;200;2000;3;0,96;14
Tournament_Size_1+OrderCrossover+SwapMutation+SteadyStateSurvivorSelection+P200;Tournament_Size_1;OrderCrossover;SwapMutation;SteadyStateSurvivorSelection;200;2000;4;1,20;10
Tournament_Size_1+OrderCrossover+ReversalMutation+FullGenReplacement+P200;Tournament_Size_1;OrderCrossover;ReversalMutation;FullGenReplacement;200;2000;1;0,28;4
Tournament_Size_1+OrderCrossover+ReversalMutation+FullGenReplacement+P200;Tournament_Size_1;OrderCrossover;ReversalMutation;FullGenReplacement;200;2000;2;0,53;5
Tournament_Size_1+OrderCrossover+ReversalMutation+FullGenReplacement+P200;Tournament_Size_1;OrderCrossover;ReversalMutation;FullGenReplacement;200;2000;3;0,58;3
Tournament_Size_1+OrderCrossover+ReversalMutation+FullGenReplacement+P200;Tournament_Size_1;OrderCrossover;ReversalMutation;FullGenReplacement;200;2000;4;0,41;7
Tournament_Size_1+OrderCrossover+ReversalMutation+SteadyStateSurvivorSelection+P200;Tournament_Size_1;OrderCrossover;ReversalMutation;SteadyStateSurvivorSelection;200;2000;1;1,00;10
Tournament_Size_1+OrderCrossover+ReversalMutation+SteadyStateSurvivorSelection+P200;Tournament_Size_1;OrderCrossover;ReversalMutation;SteadyStateSurvivorSelection;200;2000;2;0,88;9
Tournament_Size_1+OrderCrossover+ReversalMutation+SteadyStateSurvivorSelection+P200;Tournament_Size_1;OrderCrossover;ReversalMutation;SteadyStateSurvivorSelection;200;2000;3;0,99;8
Tournament_Size_1+OrderCrossover+ReversalMutation+SteadyStateSurvivorSelection+P200;Tournament_Size_1;OrderCrossover;ReversalMutation;SteadyStateSurvivorSelection;200;2000;4;1,23;13
Tournament_Size_1+PartiallyMappedCrossover+SwapMutation+FullGenReplacement+P200;Tournament_Size_1;PartiallyMappedCrossover;SwapMutation;FullGenReplacement;200;2000;1;0,33;9
Tournament_Size_1+PartiallyMappedCrossover+SwapMutation+FullGenReplacement+P200;Tournament_Size_1;PartiallyMappedCrossover;SwapMutation;FullGenReplacement;200;2000;2;0,34;7
Tournament_Size_1+PartiallyMappedCrossover+SwapMutation+FullGenReplacement+P200;Tournament_Size_1;PartiallyMappedCrossover;SwapMutation;FullGenReplacement;200;2000;3;0,58;4
Tournament_Size_1+PartiallyMappedCrossover+SwapMutation+FullGenReplacement+P200;Tournament_Size_1;PartiallyMappedCrossover;SwapMutation;FullGenReplacement;200;2000;4;0,45;6
Tournament_Size_1+PartiallyMappedCrossover+SwapMutation+SteadyStateSurvivorSelection+P200;Tournament_Size_1;PartiallyMappedCrossover;SwapMutation;SteadyStateSurvivorSelection;200;2000;1;0,93;13
Tournament_Size_1+PartiallyMappedCrossover+SwapMutation+SteadyStateSurvivorSelection+P200;Tournament_Size_1;PartiallyMappedCrossover;SwapMutation;SteadyStateSurvivorSelection;200;2000;2;1,12;13
Tournament_Size_1+PartiallyMappedCrossover+SwapMutation+SteadyStateSurvivorSelection+P200;Tournament_Size_1;PartiallyMappedCrossover;SwapMutation;SteadyStateSurvivorSelection;200;2000;3;0,75;18
Tournament_Size_1+PartiallyMappedCrossover+SwapMutation+SteadyStateSurvivorSelection+P200;Tournament_Size_1;PartiallyMappedCrossover;SwapMutation;SteadyStateSurvivorSelection;200;2000;4;1,05;12
Tournament_Size_1+PartiallyMappedCrossover+ReversalMutation+FullGenReplacement+P200;Tournament_Size_1;PartiallyMappedCrossover;ReversalMutation;FullGenReplacement;200;2000;1;0,45;11
Tournament_Size_1+PartiallyMappedCrossover+ReversalMutation+FullGenReplacement+P200;Tournament_Size_1;PartiallyMappedCrossover;ReversalMutation;FullGenReplacement;200;2000;2;0,73;6
Tournament_Size_1+PartiallyMappedCrossover+ReversalMutation+FullGenReplacement+P200;Tournament_Size_1;PartiallyMappedCrossover;ReversalMutation;FullGenReplacement;200;2000;3;0,63;9
Tournament_Size_1+PartiallyMappedCrossover+ReversalMutation+FullGenReplacement+P200;Tournament_Size_1;PartiallyMappedCrossover;ReversalMutation;FullGenReplacement;200;2000;4;0,40;5
Tournament_Size_1+PartiallyMappedCrossover+ReversalMutation+SteadyStateSurvivorSelection+P200;Tournament_Size_1;PartiallyMappedCrossover;ReversalMutation;SteadyStateSurvivorSelection;200;2000;1;1,10;9
Tournament_Size_1+PartiallyMappedCrossover+ReversalMutation+SteadyStateSurvivorSelection+P200;Tournament_Size_1;PartiallyMappedCrossover;ReversalMutation;SteadyStateSurvivorSelection;200;2000;2;0,84;10
Tournament_Size_1+PartiallyMappedCrossover+ReversalMutation+SteadyStateSurvivorSelection+P200;Tournament_Size_1;PartiallyMappedCrossover;ReversalMutation;SteadyStateSurvivorSelection;200;2000;3;0,99;9
Tournament_Size_1+PartiallyMappedCrossover+ReversalMutation+SteadyStateSurvivorSelection+P200;Tournament_Size_1;PartiallyMappedCrossover;ReversalMutation;SteadyStateSurvivorSelection;200;2000;4;0,93;8
Tournament_Size_1+OrderCrossover+SwapMutation+FullGenReplacement+P200;Tournament_Size_1;OrderCrossover;SwapMutation;FullGenReplacement;200;2000;1;0,41;4
Tournament_Size_1+OrderCrossover+SwapMutation+FullGenReplacement+P200;Tournament_Size_1;OrderCrossover;SwapMutation;FullGenReplacement;200;2000;2;0,37;11
Tournament_Size_1+OrderCrossover+SwapMutation+FullGenReplacement+P200;Tournament_Size_1;OrderCrossover;SwapMutation;FullGenReplacement;200;2000;3;0,63;7
Tournament_Size_1+OrderCrossover+SwapMutation+FullGenReplacement+P200;Tournament_Size_1;OrderCrossover;SwapMutation;FullGenReplacement;200;2000;4;0,44;4
Tournament_Size_1+OrderCrossover+SwapMutation+SteadyStateSurvivorSelection+P200;Tournament_Size_1;OrderCrossover;SwapMutation;SteadyStateSurvivorSelection;200;2000;1;1,20;9
Tournament_Size_1+OrderCrossover+SwapMutation+SteadyStateSurvivorSelection+P200;Tournament_Size_1;OrderCrossover;SwapMutation;SteadyStateSurvivorSelection;200;2000;2;1,25;9
Tournament_Size_1+OrderCrossover+SwapMutation+SteadyStateSurvivorSelection+P200;Tournament_Size_1;OrderCrossover;SwapMutation;SteadyStateSurvivorSelection;200;2000;3;0,94;15
Tournament_Size_1+OrderCrossover+SwapMutation+SteadyStateSurvivorSelection+P200;Tournament_Size_1;OrderCrossover;SwapMutation;SteadyStateSurvivorSelection;200;2000;4;1,19;17
Tournament_Size_1+OrderCrossover+ReversalMutation+FullGenReplacement+P200;Tournament_Size_1;OrderCrossover;ReversalMutation;FullGenReplacement;200;2000;1;0,35;4
Tournament_Size_1+OrderCrossover+ReversalMutation+FullGenReplacement+P200;Tournament_Size_1;OrderCrossover;ReversalMutation;FullGenReplacement;200;2000;2;0,30;5
Tournament_Size_1+OrderCrossover+ReversalMutation+FullGenReplacement+P200;Tournament_Size_1;OrderCrossover;ReversalMutation;FullGenReplacement;200;2000;3;0,34;6
Tournament_Size_1+OrderCrossover+ReversalMutation+FullGenReplacement+P200;Tournament_Size_1;OrderCrossover;ReversalMutation;FullGenReplacement;200;2000;4;0,48;7
Tournament_Size_1+OrderCrossover+ReversalMutation+SteadyStateSurvivorSelection+P200;Tournament_Size_1;OrderCrossover;ReversalMutation;SteadyStateSurvivorSelection;200;2000;1;1,12;16
Tournament_Size_1+OrderCrossover+ReversalMutation+SteadyStateSurvivorSelection+P200;Tournament_Size_1;OrderCrossover;ReversalMutation;SteadyStateSurvivorSelection;200;2000;2;0,88;15
Tournament_Size_1+OrderCrossover+ReversalMutation+SteadyStateSurvivorSelection+P200;Tournament_Size_1;OrderCrossover;ReversalMutation;SteadyStateSurvivorSelection;200;2000;3;1,10;14
Tournament_Size_1+OrderCrossover+ReversalMutation+SteadyStateSurvivorSelection+P200;Tournament_Size_1;OrderCrossover;ReversalMutation;SteadyStateSurvivorSelection;200;2000;4;0,88;10
Tournament_Size_1+PartiallyMappedCrossover+SwapMutation+FullGenReplacement+P200;Tournament_Size_1;PartiallyMappedCrossover;SwapMutation;FullGenReplacement;200;2000;1;0,55;5
Tournament_Size_1+PartiallyMappedCrossover+SwapMutation+FullGenReplacement+P200;Tournament_Size_1;PartiallyMappedCrossover;SwapMutation;FullGenReplacement;200;2000;2;0,43;6
Tournament_Size_1+PartiallyMappedCrossover+SwapMutation+FullGenReplacement+P200;Tournament_Size_1;PartiallyMappedCrossover;SwapMutation;FullGenReplacement;200;2000;3;0,32;4
Tournament_Size_1+PartiallyMappedCrossover+SwapMutation+FullGenReplacement+P200;Tournament_Size_1;PartiallyMappedCrossover;SwapMutation;FullGenReplacement;200;2000;4;0,36;7
Tournament_Size_1+PartiallyMappedCrossover+SwapMutation+SteadyStateSurvivorSelection+P200;Tournament_Size_1;PartiallyMappedCrossover;SwapMutation;SteadyStateSurvivorSelection;200;2000;1;1,06;10
Tournament_Size_1+PartiallyMappedCrossover+SwapMutation+SteadyStateSurvivorSelection+P200;Tournament_Size_1;PartiallyMappedCrossover;SwapMutation;SteadyStateSurvivorSelection;200;2000;2;1,00;12
Tournament_Size_1+PartiallyMappedCrossover+SwapMutation+SteadyStateSurvivorSelection+P200;Tournament_Size_1;PartiallyMappedCrossover;SwapMutation;SteadyStateSurvivorSelection;200;2000;3;1,00;9
Tournament_Size_1+PartiallyMappedCrossover+SwapMutation+SteadyStateSurvivorSelection+P200;Tournament_Size_1;PartiallyMappedCrossover;SwapMutation;SteadyStateSurvivorSelection;200;2000;4;1,12;26
Tournament_Size_1+PartiallyMappedCrossover+ReversalMutation+FullGenReplacement+P200;Tournament_Size_1;PartiallyMappedCrossover;ReversalMutation;FullGenReplacement;200;2000;1;0,66;8
Tournament_Size_1+PartiallyMappedCrossover+ReversalMutation+FullGenReplacement+P200;Tournament_Size_1;PartiallyMappedCrossover;ReversalMutation;FullGenReplacement;200;2000;2;0,40;9
Tournament_Size_1+PartiallyMappedCrossover+ReversalMutation+FullGenReplacement+P200;Tournament_Size_1;PartiallyMappedCrossover;ReversalMutation;FullGenReplacement;200;2000;3;0,41;7
Tournament_Size_1+PartiallyMappedCrossover+ReversalMutation+FullGenReplacement+P200;Tournament_Size_1;PartiallyMappedCrossover;ReversalMutation;FullGenReplacement;200;2000;4;0,53;13
Tournament_Size_1+PartiallyMappedCrossover+ReversalMutation+SteadyStateSurvivorSelection+P200;Tournament_Size_1;PartiallyMappedCrossover;ReversalMutation;SteadyStateSurvivorSelection;200;2000;1;1,01;21
Tournament_Size_1+PartiallyMappedCrossover+ReversalMutation+SteadyStateSurvivorSelection+P200;Tournament_Size_1;PartiallyMappedCrossover;ReversalMutation;SteadyStateSurvivorSelection;200;2000;2;1,30;19
Tournament_Size_1+PartiallyMappedCrossover+ReversalMutation+SteadyStateSurvivorSelection+P200;Tournament_Size_1;PartiallyMappedCrossover;ReversalMutation;SteadyStateSurvivorSelection;200;2000;3;1,19;13
Tournament_Size_1+PartiallyMappedCrossover+ReversalMutation+SteadyStateSurvivorSelection+P200;Tournament_Size_1;PartiallyMappedCrossover;ReversalMutation;SteadyStateSurvivorSelection;200;2000;4;1,19;21


;=== RESUMEN ESTADISTICO POR CONFIGURACION ===;
ConfigID;Promedio Fitness;Desviacion Estandar;Mejor Historico;Tiempo Promedio MS
Roulette+OrderCrossover+SwapMutation+FullGenReplacement+P100;0,35;0,04;0,32;14
Roulette+OrderCrossover+SwapMutation+SteadyStateSurvivorSelection+P100;1,05;0,13;0,90;6
Roulette+OrderCrossover+ReversalMutation+FullGenReplacement+P100;0,46;0,12;0,31;4
Roulette+OrderCrossover+ReversalMutation+SteadyStateSurvivorSelection+P100;1,00;0,20;0,79;6
Roulette+PartiallyMappedCrossover+SwapMutation+FullGenReplacement+P100;0,41;0,11;0,24;10
Roulette+PartiallyMappedCrossover+SwapMutation+SteadyStateSurvivorSelection+P100;1,00;0,08;0,91;8
Roulette+PartiallyMappedCrossover+ReversalMutation+FullGenReplacement+P100;0,38;0,03;0,33;4
Roulette+PartiallyMappedCrossover+ReversalMutation+SteadyStateSurvivorSelection+P100;0,83;0,04;0,78;6
Tournament_Size_3+OrderCrossover+SwapMutation+FullGenReplacement+P100;0,40;0,03;0,35;2
Tournament_Size_1+OrderCrossover+SwapMutation+SteadyStateSurvivorSelection+P100;0,89;0,16;0,74;5
Tournament_Size_1+OrderCrossover+ReversalMutation+FullGenReplacement+P100;0,31;0,01;0,29;3
Tournament_Size_1+OrderCrossover+ReversalMutation+SteadyStateSurvivorSelection+P100;1,02;0,17;0,76;7
Tournament_Size_1+PartiallyMappedCrossover+SwapMutation+FullGenReplacement+P100;0,45;0,02;0,43;3
Tournament_Size_1+PartiallyMappedCrossover+SwapMutation+SteadyStateSurvivorSelection+P100;0,87;0,09;0,78;6
Tournament_Size_1+PartiallyMappedCrossover+ReversalMutation+FullGenReplacement+P100;0,33;0,07;0,25;3
Tournament_Size_1+PartiallyMappedCrossover+ReversalMutation+SteadyStateSurvivorSelection+P100;0,94;0,22;0,78;6
Tournament_Size_10+OrderCrossover+SwapMutation+FullGenReplacement+P100;0,44;0,14;0,28;2
Tournament_Size_25+OrderCrossover+SwapMutation+FullGenReplacement+P100;0,51;0,09;0,42;2
Roulette+OrderCrossover+SwapMutation+FullGenReplacement+P200;0,38;0,09;0,29;8
Roulette+OrderCrossover+SwapMutation+SteadyStateSurvivorSelection+P200;1,09;0,32;0,80;14
Roulette+OrderCrossover+ReversalMutation+FullGenReplacement+P200;0,42;0,08;0,35;8
Roulette+OrderCrossover+ReversalMutation+SteadyStateSurvivorSelection+P200;1,19;0,16;1,02;17
Roulette+PartiallyMappedCrossover+SwapMutation+FullGenReplacement+P200;0,37;0,02;0,34;10
Roulette+PartiallyMappedCrossover+SwapMutation+SteadyStateSurvivorSelection+P200;1,17;0,08;1,06;12
Roulette+PartiallyMappedCrossover+ReversalMutation+FullGenReplacement+P200;0,49;0,10;0,34;9
Roulette+PartiallyMappedCrossover+ReversalMutation+SteadyStateSurvivorSelection+P200;1,07;0,11;0,95;20
Tournament_Size_1+OrderCrossover+SwapMutation+FullGenReplacement+P200;0,46;0,10;0,37;6
Tournament_Size_1+OrderCrossover+SwapMutation+SteadyStateSurvivorSelection+P200;1,15;0,12;0,94;12
Tournament_Size_1+OrderCrossover+ReversalMutation+FullGenReplacement+P200;0,37;0,07;0,30;5
Tournament_Size_1+OrderCrossover+ReversalMutation+SteadyStateSurvivorSelection+P200;1,00;0,11;0,88;13
Tournament_Size_1+PartiallyMappedCrossover+SwapMutation+FullGenReplacement+P200;0,41;0,09;0,32;5
Tournament_Size_1+PartiallyMappedCrossover+SwapMutation+SteadyStateSurvivorSelection+P200;1,05;0,05;1,00;14
Tournament_Size_1+PartiallyMappedCrossover+ReversalMutation+FullGenReplacement+P200;0,50;0,11;0,40;9
Tournament_Size_1+PartiallyMappedCrossover+ReversalMutation+SteadyStateSurvivorSelection+P200;1,17;0,10;1,01;18
